configuration,minute,source,population,n_satellite,n_ground,access_edges,multi_ground_nodes,ground_nodes_degree_ge4,xmin,alpha,ks,n_tail,binned_lm_prefactor,binned_lm_alpha,binned_lm_r2_log,binned_lm_n_bins,ci_low,ci_high,p_gof,lognormal_mu,lognormal_sigma,lognormal_at_boundary,llr_pl_vs_lognormal,p_vuong,n_observations,tail_fraction
72_22_550_55_5000_60ms,0,saved_gml,original_all_nodes_degree_ge4,1584,3061,8814,2916,1029,37,3.189842827144976,0.07061733853162774,86,346.1313162961438,2.4377680269834054,nan,2,2.936313206343985,3.6374919235433407,0.04,3.160562611685311,0.7397110101611407,False,-2.0989481497887272,0.15721911872421906,2613,0.03291236127057023
32_50_1110_55_5000_60ms,0,saved_gml,original_all_nodes_degree_ge4,1600,4806,35213,4806,4769,5,2.4777050269051593,0.05234607078936859,4976,5.864402428046447,2.1535743831377347,0.9699609109238486,6,2.4292330948821603,2.5259451487446434,0.01,-28.3905620875659,4.611917748087364,True,9.317852906181752,1.3396559936989897e-14,6369,0.7812843460511855
8_50_1130_55_5000_60ms,0,saved_gml,original_all_nodes_degree_ge4,400,3067,5520,1890,165,5,1.7502009136214516,0.11007081008581832,180,1.7996539651202212,1.622199097838077,0.9551775046551606,6,1.6633063661560044,1.8652807589859637,0.01,-2.2700350892430996,2.8596181473122964,False,-2.0171067363560393,0.2090828360454191,565,0.3185840707964602
three_shell_combined,0,composed_saved_gml,original_all_nodes_degree_ge4,3584,4831,49547,4831,4809,8,2.517646222858954,0.04158271984205009,4528,25.040661512801126,2.3803323031479713,0.9887532089080577,6,2.4810854162261924,2.5648313143165917,0.01,-27.920558458320166,4.542792688782303,True,4.440635777723362,1.0395061227376862e-05,8393,0.5394972000476588
72_22_550_55_5000_60ms,360,saved_gml,original_all_nodes_degree_ge4,1584,3577,9005,2619,863,36,3.0957571363555347,0.07608870024519493,93,230.49016225271004,2.34984473809448,nan,2,2.8188158712978844,3.423352698221819,0.04,3.420012243003304,0.6618045152705408,False,-3.4568698778966565,0.08422502791795257,2447,0.0380057212913772
32_50_1110_55_5000_60ms,360,saved_gml,original_all_nodes_degree_ge4,1600,4807,35145,4804,4735,116,3.9355121805932862,0.06812910143970441,101,38346.625779505106,3.011665729504169,nan,2,3.549456118881045,4.46919457636744,0.14,4.524354867320088,0.5170412778215718,False,-2.9490882173363566,0.09990548854503513,6335,0.015943172849250196
8_50_1130_55_5000_60ms,360,saved_gml,original_all_nodes_degree_ge4,400,3064,5525,1893,161,5,1.7273538253082834,0.1163432351679129,174,1.9811383023481854,1.6520648323319373,0.9382697632775278,6,1.6480161129931705,1.8054709215369937,0.01,-0.8912327864945941,2.559694989635658,False,-2.9143461691828207,0.1405881404953162,561,0.31016042780748665
three_shell_combined,360,composed_saved_gml,original_all_nodes_degree_ge4,3584,4831,49675,4831,4792,8,2.505436055069716,0.05000120336448466,4500,37.4798641658239,2.4995218202826517,0.976984677333625,6,2.4603443246588066,2.5555204583203426,0.01,-27.920558458320166,4.56164790749069,True,3.932635257155404,6.567019491218425e-05,8376,0.5372492836676218
72_22_550_55_5000_60ms,720,saved_gml,original_all_nodes_degree_ge4,1584,4109,8883,2637,630,40,3.323341978387301,0.07362595611472067,76,445.8903015128142,2.4704827665519757,nan,2,2.9381536481037354,3.801062680304078,0.14,3.223502685976165,0.7106723075898527,False,-1.7587579844804657,0.20084783852771704,2214,0.03432700993676603
32_50_1110_55_5000_60ms,720,saved_gml,original_all_nodes_degree_ge4,1600,4806,35226,4802,4733,5,2.461716845672544,0.06590429246923624,4975,5.4523186177043765,2.1295955225017775,0.9696321334663067,6,2.425807413409581,2.498167379737,0.01,-28.3905620875659,4.637253863973036,True,7.752952661026146,3.6989806328163317e-11,6333,0.7855676614558661
8_50_1130_55_5000_60ms,720,saved_gml,original_all_nodes_degree_ge4,400,3055,5555,1925,163,5,1.72165769552652,0.11793152517963168,173,1.96085187056547,1.648077575274456,0.9378411998663785,6,1.6325637413779552,1.8130640103309175,0.01,-0.6871623015796048,2.5159889242262192,False,-3.1085110497246458,0.12948119603250252,563,0.30728241563055064
three_shell_combined,720,composed_saved_gml,original_all_nodes_degree_ge4,3584,4831,49664,4830,4805,13,2.3270822756251563,0.0443209478259442,1823,29.260045868719004,2.214836534410922,0.9824786145760809,5,2.265981376230178,2.399451288812173,0.01,-9.514508742687207,3.1879931892331927,False,-2.128897320727173,0.10793122365795116,8389,0.21730838002145667
72_22_550_55_5000_60ms,1080,saved_gml,original_all_nodes_degree_ge4,1584,4518,8769,2648,478,6,2.057012839786536,0.0673951749750612,529,7.211896852138176,2.0280328135545047,0.9828840898880755,5,1.9902300781785713,2.1361951453573242,0.01,-0.14926490898415806,1.8189744385757438,False,-7.937116224687593,0.01092097873109458,2062,0.2565470417070805
32_50_1110_55_5000_60ms,1080,saved_gml,original_all_nodes_degree_ge4,1600,4804,35130,4802,4738,5,2.461943593102734,0.0609808728607697,4940,22.287830798124183,2.5787143918092204,0.9468106254608548,7,2.4227832486715157,2.499803171587303,0.01,-28.3905620875659,4.636978314061036,True,7.897652715165876,1.917198032305043e-11,6338,0.7794256863363838
8_50_1130_55_5000_60ms,1080,saved_gml,original_all_nodes_degree_ge4,400,3057,5568,1931,168,5,1.7307334152350198,0.12417542675549509,176,1.7859881327438205,1.6154825014085887,0.957345479975278,6,1.6582490547462418,1.8377349541387007,0.01,-1.1438013527298638,2.6211655856812572,False,-2.719269152860843,0.15152569620217185,568,0.30985915492957744
three_shell_combined,1080,composed_saved_gml,original_all_nodes_degree_ge4,3584,4831,49467,4831,4808,13,2.321584070681047,0.04696661047755446,1808,38.076545357253046,2.2835521047360716,0.9769144888485607,5,2.2510787202536493,2.3868241643107666,0.01,-7.78183200571305,2.9819834574256374,False,-2.6977122468577406,0.07114861024632697,8392,0.21544327931363202
