configuration,rank,period_min,frequency_per_min,spectral_power,acf_at_nearest_lag
72_22_550_55_5000_60ms,1,6.575342465753424,0.15208333333333335,0.0003060403091623334,-0.3229931673874783
72_22_550_55_5000_60ms,2,12.743362831858407,0.07847222222222222,0.00025357376420815,0.9858294747750576
72_22_550_55_5000_60ms,3,11.900826446280991,0.08402777777777778,2.1405926965670376e-05,-0.39304694764658177
72_22_550_55_5000_60ms,4,13.714285714285714,0.07291666666666667,2.13631080826921e-05,-0.3404680935194358
72_22_550_55_5000_60ms,5,7.093596059113301,0.14097222222222222,1.9026381463623947e-05,-0.3229931673874783
8_50_1130_55_5000_60ms,1,13.846153846153845,0.07222222222222223,0.0009313780811947077,0.12932779211896048
8_50_1130_55_5000_60ms,2,5.669291338582677,0.1763888888888889,5.388019083626658e-05,-0.39081983171018303
8_50_1130_55_5000_60ms,3,25.263157894736842,0.03958333333333333,3.7599589702432126e-05,-0.031503506188525536
8_50_1130_55_5000_60ms,4,6.956521739130434,0.14375000000000002,3.164798711670691e-05,-0.4463634750967258
8_50_1130_55_5000_60ms,5,31.304347826086953,0.03194444444444445,2.067062746791788e-05,-0.06889667067455423
